-- MySQL Script generated by MySQL Workbench
-- Mon Jun  7 03:21:13 2021
-- Model: New Model    Version: 1.0
-- MySQL Workbench Forward Engineering

SET @OLD_UNIQUE_CHECKS=@@UNIQUE_CHECKS, UNIQUE_CHECKS=0;
SET @OLD_FOREIGN_KEY_CHECKS=@@FOREIGN_KEY_CHECKS, FOREIGN_KEY_CHECKS=0;
SET @OLD_SQL_MODE=@@SQL_MODE, SQL_MODE='ONLY_FULL_GROUP_BY,STRICT_TRANS_TABLES,NO_ZERO_IN_DATE,NO_ZERO_DATE,ERROR_FOR_DIVISION_BY_ZERO,NO_ENGINE_SUBSTITUTION';

-- -----------------------------------------------------
-- Schema madang
-- -----------------------------------------------------

-- -----------------------------------------------------
-- Schema madang
-- -----------------------------------------------------
drop database if exists `madang`;
CREATE SCHEMA IF NOT EXISTS `madang` DEFAULT CHARACTER SET utf8 ;
USE `madang` ;

-- -----------------------------------------------------
-- Table `madang`.`Student`
-- -----------------------------------------------------
CREATE TABLE IF NOT EXISTS `madang`.`Student` (
  `StudentID` INT NOT NULL,
  `StudentName` VARCHAR(15) NULL,
  `StudentAddress` VARCHAR(45) NULL,
  `StudentPhone` VARCHAR(45) NULL,
  `StudentEmail` VARCHAR(45) NULL,
  `Major` VARCHAR(15) NULL,
  `Advisor` VARCHAR(15) NULL,
  `Account` VARCHAR(45) NULL,
  PRIMARY KEY (`StudentID`))
ENGINE = InnoDB;


-- -----------------------------------------------------
-- Table `madang`.`Professor`
-- -----------------------------------------------------
CREATE TABLE IF NOT EXISTS `madang`.`Professor` (
  `ProfID` INT NOT NULL,
  `ProfName` VARCHAR(45) NULL,
  `ProfAddress` VARCHAR(45) NULL,
  `ProfPhone` VARCHAR(45) NULL,
  `ProfEmail` VARCHAR(45) NULL,
  `DeptID` INT NULL,
  PRIMARY KEY (`ProfID`))
ENGINE = InnoDB;


-- -----------------------------------------------------
-- Table `madang`.`Department`
-- -----------------------------------------------------
CREATE TABLE IF NOT EXISTS `madang`.`Department` (
  `DeptID` INT NOT NULL,
  `DeptName` VARCHAR(45) NULL,
  `DeptPhone` VARCHAR(45) NULL,
  `DeptOffice` VARCHAR(45) NULL,
  `HeadProfID` INT NULL,
  PRIMARY KEY (`DeptID`))
ENGINE = InnoDB;


-- -----------------------------------------------------
-- Table `madang`.`Class`
-- -----------------------------------------------------
CREATE TABLE IF NOT EXISTS `madang`.`Class` (
  `ClassID` INT NOT NULL,
  `DivClassID` INT NULL,
  `ProfName` VARCHAR(45) NULL,
  `ClassName` VARCHAR(45) NULL,
  `Day` VARCHAR(45) NULL,
  `Period` VARCHAR(45) NULL,
  `Credit` INT NULL,
  `Time` INT NULL,
  `DeptName` VARCHAR(45) NULL,
  `ClassLocation` VARCHAR(45) NULL,
  `DeptID` INT NOT NULL,
  PRIMARY KEY (`ClassID`),
  INDEX `fk_Class_Department1_idx` (`DeptID` ASC) VISIBLE,
  CONSTRAINT `fk_Class_Department1`
    FOREIGN KEY (`DeptID`)
    REFERENCES `madang`.`Department` (`DeptID`)
    ON DELETE NO ACTION
    ON UPDATE NO ACTION)
ENGINE = InnoDB;


-- -----------------------------------------------------
-- Table `madang`.`Course`
-- -----------------------------------------------------
CREATE TABLE IF NOT EXISTS `madang`.`Course` (
  `StudentID` INT NOT NULL,
  `ClassID` INT NOT NULL,
  `ProfID` INT NOT NULL,
  `Attendance` INT NULL,
  `Midterm` INT NULL,
  `Final` INT NULL,
  `Etc` INT NULL,
  `Total` INT NULL,
  `Grade` VARCHAR(45) NULL,
  `Year` INT NULL,
  `Semester` VARCHAR(45) NULL,
  PRIMARY KEY (`StudentID`, `ClassID`, `ProfID`),
  INDEX `fk_Course_Student1_idx` (`StudentID` ASC) VISIBLE,
  INDEX `fk_Course_Class1_idx` (`ClassID` ASC) VISIBLE,
  INDEX `fk_Course_Professor1_idx` (`ProfID` ASC) VISIBLE,
  CONSTRAINT `fk_Course_Student1`
    FOREIGN KEY (`StudentID`)
    REFERENCES `madang`.`Student` (`StudentID`)
    ON DELETE NO ACTION
    ON UPDATE NO ACTION,
  CONSTRAINT `fk_Course_Class1`
    FOREIGN KEY (`ClassID`)
    REFERENCES `madang`.`Class` (`ClassID`)
    ON DELETE NO ACTION
    ON UPDATE NO ACTION,
  CONSTRAINT `fk_Course_Professor1`
    FOREIGN KEY (`ProfID`)
    REFERENCES `madang`.`Professor` (`ProfID`)
    ON DELETE NO ACTION
    ON UPDATE NO ACTION)
ENGINE = InnoDB;


-- -----------------------------------------------------
-- Table `madang`.`Club`
-- -----------------------------------------------------
CREATE TABLE IF NOT EXISTS `madang`.`Club` (
  `ClubID` INT NOT NULL,
  `ClubName` VARCHAR(45) NULL,
  `Number` INT NULL,
  `HeadStudentID` INT NULL,
  `AdvisorProfID` INT NULL,
  `ClubRoom` VARCHAR(45) NULL,
  PRIMARY KEY (`ClubID`))
ENGINE = InnoDB;


-- -----------------------------------------------------
-- Table `madang`.`Payment`
-- -----------------------------------------------------
CREATE TABLE IF NOT EXISTS `madang`.`Payment` (
  `PaymentID` INT NOT NULL,
  `Year` INT NULL,
  `Semester` VARCHAR(45) NULL,
  `TotalFee` DOUBLE NULL,
  `PaymentFee` DOUBLE NULL,
  `PaymentDate` DATETIME NULL,
  `StudentID` INT NOT NULL,
  PRIMARY KEY (`PaymentID`),
  INDEX `fk_Payment_Student1_idx` (`StudentID` ASC) VISIBLE,
  CONSTRAINT `fk_Payment_Student1`
    FOREIGN KEY (`StudentID`)
    REFERENCES `madang`.`Student` (`StudentID`)
    ON DELETE NO ACTION
    ON UPDATE NO ACTION)
ENGINE = InnoDB;


-- -----------------------------------------------------
-- Table `madang`.`ProfessorDept`
-- -----------------------------------------------------
CREATE TABLE IF NOT EXISTS `madang`.`ProfessorDept` (
  `UnitID` INT NOT NULL,
  `DeptID` INT NOT NULL,
  `ProfID` INT NOT NULL,
  PRIMARY KEY (`UnitID`, `DeptID`, `ProfID`),
  INDEX `fk_ProfessorDept_Professor1_idx` (`ProfID` ASC) VISIBLE,
  INDEX `fk_ProfessorDept_Department1_idx` (`DeptID` ASC) VISIBLE,
  CONSTRAINT `fk_ProfessorDept_Professor1`
    FOREIGN KEY (`ProfID`)
    REFERENCES `madang`.`Professor` (`ProfID`)
    ON DELETE NO ACTION
    ON UPDATE NO ACTION,
  CONSTRAINT `fk_ProfessorDept_Department1`
    FOREIGN KEY (`DeptID`)
    REFERENCES `madang`.`Department` (`DeptID`)
    ON DELETE NO ACTION
    ON UPDATE NO ACTION)
ENGINE = InnoDB;


-- -----------------------------------------------------
-- Table `madang`.`RelationShip`
-- -----------------------------------------------------
CREATE TABLE IF NOT EXISTS `madang`.`RelationShip` (
  `RelationID` INT NOT NULL,
  `ProfID` INT NOT NULL,
  `StudentID` INT NOT NULL,
  `Grade` INT NULL,
  `Semester` VARCHAR(45) NULL,
  PRIMARY KEY (`RelationID`),
  INDEX `fk_RelationShip_Student1_idx` (`StudentID` ASC) VISIBLE,
  INDEX `fk_RelationShip_Professor1_idx` (`ProfID` ASC) VISIBLE,
  CONSTRAINT `fk_RelationShip_Student1`
    FOREIGN KEY (`StudentID`)
    REFERENCES `madang`.`Student` (`StudentID`)
    ON DELETE NO ACTION
    ON UPDATE NO ACTION,
  CONSTRAINT `fk_RelationShip_Professor1`
    FOREIGN KEY (`ProfID`)
    REFERENCES `madang`.`Professor` (`ProfID`)
    ON DELETE NO ACTION
    ON UPDATE NO ACTION)
ENGINE = InnoDB;


-- -----------------------------------------------------
-- Table `madang`.`ClubRelation`
-- -----------------------------------------------------
CREATE TABLE IF NOT EXISTS `madang`.`ClubRelation` (
  `ID` INT NOT NULL,
  `ClubID` INT NOT NULL,
  `StudentID` INT NOT NULL,
  PRIMARY KEY (`ID`),
  INDEX `fk_ClubRelation_Club1_idx` (`ClubID` ASC) VISIBLE,
  INDEX `fk_ClubRelation_Student1_idx` (`StudentID` ASC) VISIBLE,
  CONSTRAINT `fk_ClubRelation_Club1`
    FOREIGN KEY (`ClubID`)
    REFERENCES `madang`.`Club` (`ClubID`)
    ON DELETE NO ACTION
    ON UPDATE NO ACTION,
  CONSTRAINT `fk_ClubRelation_Student1`
    FOREIGN KEY (`StudentID`)
    REFERENCES `madang`.`Student` (`StudentID`)
    ON DELETE NO ACTION
    ON UPDATE NO ACTION)
ENGINE = InnoDB;


-- -----------------------------------------------------
-- Table `madang`.`StudentDept`
-- -----------------------------------------------------
CREATE TABLE IF NOT EXISTS `madang`.`StudentDept` (
  `UnitID` INT NOT NULL,
  `DeptID` INT NOT NULL,
  `StudentID` INT NOT NULL,
  PRIMARY KEY (`UnitID`, `DeptID`, `StudentID`),
  INDEX `fk_StudentDept_Department1_idx` (`DeptID` ) VISIBLE,
  INDEX `fk_StudentDept_Student1_idx` (`StudentID`) VISIBLE,
  CONSTRAINT `fk_StudentDept_Department1`
    FOREIGN KEY (`DeptID`)
    REFERENCES `madang`.`Department` (`DeptID`)
    ON DELETE NO ACTION
    ON UPDATE NO ACTION,
  CONSTRAINT `fk_StudentDept_Student1`
    FOREIGN KEY (`StudentID`)
    REFERENCES `madang`.`Student` (`StudentID`)
    ON DELETE NO ACTION
    ON UPDATE NO ACTION)
ENGINE = InnoDB;


SET SQL_MODE=@OLD_SQL_MODE;
SET FOREIGN_KEY_CHECKS=@OLD_FOREIGN_KEY_CHECKS;
SET UNIQUE_CHECKS=@OLD_UNIQUE_CHECKS;


-- 샘플데이터 --  
insert into Student values (111, '김가나', '서울시 광진구', '010-1111-1111', 'kgana@sejong.ac.kr', '컴퓨터공학과', '가교수', '11111');
insert into Student values (112, '김다라', '서울시 송파구', '010-1111-2222', 'kdara@sejong.ac.kr', '정보보호학과', '나교수', '11112');
insert into Student values (113, '김마바', '서울시 용산구', '010-1111-3333', 'kmaba@sejong.ac.kr', '소프트웨어학과', '다교수', '11113');
insert into Student values (114, '김사아', '서울시 관악구', '010-1111-4444', 'ksaah@sejong.ac.kr', '데이터사이언스학과', '라교수', '11114');
insert into Student values (115, '김자차', '서울시 도봉구', '010-1111-5555', 'kjacha@sejong.ac.kr', '지능기전학과', '마교수', '11115');
insert into Student values (116, '김카타', '서울시 마포구', '010-1111-6666', 'kkata@sejong.ac.kr', '디지털이노베이션학과', '바교수', '11116');
insert into Student values (117, '김파하', '서울시 노원구', '010-1111-7777', 'kpaha@sejong.ac.kr', '만화애니메이션학과', '사교수', '11117');
insert into Student values (118, '박가나', '서울시 강남구', '010-1111-8888', 'pgana@sejong.ac.kr', '건축학과', '아교수', '11118');
insert into Student values (119, '박다라', '서울시 마포구', '010-1111-9999', 'pdara@sejong.ac.kr', '건설환결공학과', '자교수', '11119');
insert into Student values (120, '박마바', '경기도 남양주', '010-2222-0000', 'pmaba@sejong.ac.kr', '환경에너지공학과', '차교수', '11120');
insert into Student values (121, '박사아', '경기도 양평', '010-2222-1111', 'psaah@sejong.ac.kr', '지구자원시스템공학과', '카교수', '11121');
insert into Student values (122, '박자차', '경가도 광주', '010-2222-2222', 'pjacha@sejong.ac.kr', '기계항공우주공학과', '타교수', '11122');
insert into Student values (123, '박카타', '경기도 가평', '010-2222-3333', 'pkata@sejong.ac.kr', '나노신소재학과', '파교수', '11123');
insert into Student values (124, '박파하', '경기도 고양', '010-2222-4444', 'ppaha@sejong.ac.kr', '양자원자력공학과', '하교수', '11124');
insert into Student values (125, '이가나', '경기도 수원', '010-2222-5555', 'lgana@sejong.ac.kr', '국방시스템공학과', '가교수', '11125');
insert into Student values (126, '이다라', '경기도 평택', '010-2222-6666', 'ldara@sejong.ac.kr', '항공시스템공학과', '나교수', '11126');
insert into Student values (127, '이마바', '서울시 광진구', '010-2222-7777', 'lmaba@sejong.ac.kr', '회화과', '다교수', '11127');
insert into Student values (128, '이사아', '서울시 광진구', '010-2222-8888', 'lsaah@sejong.ac.kr', '패션디자인학과', '라교수', '11128');
insert into Student values (129, '이자차', '서울시 도봉구', '010-2222-9999', 'ljacha@sejong.ac.kr', '음악과', '마교수', '11129');
insert into Student values (130, '이카타', '서울시 서초구', '010-3333-0000', 'lkata@sejong.ac.kr', '체육학과', '바교수', '11130');
insert into Student values (131, '이파하', '서울시 광진구', '010-3333-1111', 'lpaha@sejong.ac.kr', '무용과', '사교수', '11131');
insert into Student values (132, '조가나', '서울시 강남구', '010-3333-2222', 'cgana@sejong.ac.kr', '영화예술학과', '아교수', '11132');
insert into Student values (133, '조다라', '서울시 강서구', '010-3333-3333', 'cdara@sejong.ac.kr', '경영학과', '자교수', '11133');
insert into Student values (134, '조마바', '서울시 중랑구', '010-3333-4444', 'cmaba@sejong.ac.kr', '경제학과', '차교수', '11134');
insert into Student values (135, '조사아', '서울시 강동구', '010-3333-5555', 'csaah@sejong.ac.kr', '법학과', '카교수', '11135');
insert into Student values (136, '조자차', '경기도 남양주', '010-3333-6666', 'cjacha@sejong.ac.kr', '컴퓨터공학과', '가교수', '11136');
insert into Student values (137, '조카타', '경기도 양평', '010-3333-7777', 'ckata@sejong.ac.kr', '컴퓨터공학과', '가교수', '11137');
insert into Student values (138, '조파하', '경가도 광주', '010-3333-8888', 'cpaha@sejong.ac.kr', '소프트웨어학과', '다교수', '11138');
insert into Student values (139, '신가나', '경기도 가평', '010-3333-9999', 'sgana@sejong.ac.kr', '회화과', '다교수', '11139');
insert into Student values (140, '신다라', '경기도 고양', '010-4444-0000', 'sdara@sejong.ac.kr', '지능기전학과', '마교수', '11140');
insert into Student values (141, '신마바', '경기도 수원', '010-4444-1111', 'smaba@sejong.ac.kr', '데이터사이언스학과', '라교수', '11141');
insert into Student values (142, '신사아', '경기도 평택', '010-4444-2222', 'ssaah@sejong.ac.kr', '컴퓨터공학과', '가교수', '11142');
insert into Student values (143, '신자차', '서울시 광진구', '010-4444-3333', 'sjacha@sejong.ac.kr', '회화과', '다교수', '11143');
insert into Student values (144, '신카타', '서울시 광진구', '010-4444-4444', 'skatasejong.ac.kr', '패션디자인학과', '라교수', '11144');
insert into Student values (145, '신파하', '서울시 도봉구', '010-4444-5555', 'spahaa@sejong.ac.kr', '음악과', '마교수', '11145');
insert into Student values (146, '우가나', '서울시 서초구', '010-4444-6666', 'ugana@sejong.ac.kr', '체육학과', '바교수', '11146');
insert into Student values (147, '우다라', '서울시 광진구', '010-4444-7777', 'udara@sejong.ac.kr', '무용과', '사교수', '11147');
insert into Student values (148, '우마바', '서울시 강남구', '010-4444-8888', 'umaba@sejong.ac.kr', '영화예술학과', '아교수', '11148');
insert into Student values (149, '우사아', '서울시 강서구', '010-4444-9999', 'usaah@sejong.ac.kr', '경영학과', '자교수', '11149');
insert into Student values (150, '우자차', '서울시 중랑구', '010-5555-0000', 'ujacha@sejong.ac.kr', '경제학과', '차교수', '11150');


insert into Professor values (1, '가교수', '서울시 광진구', '010-0000-0001','gprof@sejong.ac.kr', 1);
insert into Professor values (2, '나교수', '서울시 광진구', '010-0000-0002','nprof@sejong.ac.kr', 2);
insert into Professor values (3, '다교수', '서울시 광진구', '010-0000-0003','dprof@sejong.ac.kr', 3);
insert into Professor values (4, '라교수', '서울시 광진구', '010-0000-0004','rprof@sejong.ac.kr', 4);
insert into Professor values (5, '마교수', '서울시 광진구', '010-0000-0005','mprof@sejong.ac.kr', 5);
insert into Professor values (6, '바교수', '서울시 강남구', '010-0000-0006','bprof@sejong.ac.kr', 6);
insert into Professor values (7, '사교수', '서울시 강남구', '010-0000-0007','sprof@sejong.ac.kr', 7);
insert into Professor values (8, '아교수', '서울시 강남구', '010-0000-0008','aprof@sejong.ac.kr', 8);
insert into Professor values (9, '자교수', '서울시 강남구', '010-0000-0009','jprof@sejong.ac.kr', 9);
insert into Professor values (10, '차교수', '서울시 강남구', '010-0000-0010','cprof@sejong.ac.kr',10);
insert into Professor values (11, '카교수', '서울시 노원구', '010-0000-0011','kprof@sejong.ac.kr', 11);
insert into Professor values (12, '타교수', '서울시 노원구', '010-0000-0012','tprof@sejong.ac.kr', 12);
insert into Professor values (13, '파교수', '서울시 노원구', '010-0000-0013','pprof@sejong.ac.kr', 13);
insert into Professor values (14, '하교수', '서울시 노원구', '010-0000-0014','hprof@sejong.ac.kr', 14);
insert into Professor values (15, '가교수', '서울시 노원구', '010-0000-0015','ggprof@sejong.ac.kr', 15);
insert into Professor values (16, '나교수', '서울시 용산구', '010-0000-0016','nnprof@sejong.ac.kr', 16);
insert into Professor values (17, '다교수', '서울시 용산구', '010-0000-0017','ddprof@sejong.ac.kr', 17);
insert into Professor values (18, '라교수', '서울시 용산구', '010-0000-0018','rrprof@sejong.ac.kr', 18);
insert into Professor values (19, '마교수', '서울시 용산구', '010-0000-0019','mmprof@sejong.ac.kr', 19);
insert into Professor values (20, '바교수', '서울시 용산구', '010-0000-0020','bbprof@sejong.ac.kr', 20);
insert into Professor values (21, '사교수', '서울시 강동구', '010-0000-0021','ssprof@sejong.ac.kr', 21);
insert into Professor values (22, '아교수', '서울시 강동구', '010-0000-0022','aaprof@sejong.ac.kr', 22);
insert into Professor values (23, '자교수', '서울시 강동구', '010-0000-0023','jjprof@sejong.ac.kr', 23);
insert into Professor values (24, '차교수', '서울시 강동구', '010-0000-0024','ccprof@sejong.ac.kr', 24);
insert into Professor values (25, '카교수', '서울시 강동구', '010-0000-0025','kkprof@sejong.ac.kr', 25);




insert into Department values (1, '컴퓨터공학과', '0000001', '센101', 1);
insert into Department values (2, '정보보호학과', '0000002', '센102', 2);
insert into Department values (3, '소프트웨어학과', '0000003', '센103', 3);
insert into Department values (4, '데이터사이언스학과', '0000004', '센104', 4);
insert into Department values (5, '지능기전학과', '0000005', '센105', 5);
insert into Department values (6, '디지털이노베이션학과', '0000006', '센106', 6);
insert into Department values (7, '만화애니메이션학과', '0000007', '센107', 7);
insert into Department values (8, '건축학과', '0000008', '센108', 8);
insert into Department values (9, '건설환경공학과', '0000009', '센109', 9);
insert into Department values (10, '환경에너지공학과', '0000010', '센110', 10);
insert into Department values (11, '지구자원시스템공학과', '0000011', '센111', 11);
insert into Department values (12, '기계항공우주공학과', '0000012', '센112', 12);
insert into Department values (13, '나노신소재학과', '0000013', '센113', 13);
insert into Department values (14, '양자원자력공학과', '0000014', '센114', 14);
insert into Department values (15, '국방시스템공학과', '0000015', '센115', 15);
insert into Department values (16, '항공시스템공학과', '0000016', '센116', 16);
insert into Department values (17, '회화과', '0000017', '센117', 17);
insert into Department values (18, '패션디자인학과', '0000018', '센118', 18);
insert into Department values (19, '음악과', '0000019', '센119', 19);
insert into Department values (20, '체육학과', '0000020', '센120', 20);
insert into Department values (21, '무용과', '0000021', '센121', 21);
insert into Department values (22, '영화예술학과', '0000022', '센122', 22);
insert into Department values (23, '경영학과', '0000023', '센123', 23);
insert into Department values (24, '경제학과', '0000024', '센124', 24);
insert into Department values (25, '법학과', '0000025', '센125', 25);




insert into StudentDept values (1, 1,111);
insert into StudentDept values (2, 2,112);
insert into StudentDept values (3, 3,113);
insert into StudentDept values (4, 4,114);
insert into StudentDept values (5, 5,115);
insert into StudentDept values (6, 6,116);
insert into StudentDept values (7, 7,117);
insert into StudentDept values (8, 8,118);
insert into StudentDept values (9, 9,119);
insert into StudentDept values (10, 10, 120);
insert into StudentDept values (11, 11, 121);
insert into StudentDept values (12, 12, 122);
insert into StudentDept values (13, 13, 123);
insert into StudentDept values (14, 14, 124);
insert into StudentDept values (15, 15, 125);
insert into StudentDept values (16, 16, 126);
insert into StudentDept values (17, 17, 127);
insert into StudentDept values (18, 18, 128);
insert into StudentDept values (19, 19, 129);
insert into StudentDept values (20, 20, 130);
insert into StudentDept values (21, 21, 131);
insert into StudentDept values (22, 22, 132);
insert into StudentDept values (23, 23, 133);
insert into StudentDept values (24, 24, 134);
insert into StudentDept values (25, 25, 135);
insert into StudentDept values (26, 1, 136);  -- 여기서부턴 부전공 --
insert into StudentDept values (27, 2, 137);
insert into StudentDept values (28, 3, 138);
insert into StudentDept values (29, 4, 139);
insert into StudentDept values (30, 5, 140);
insert into StudentDept values (31, 6, 141);
insert into StudentDept values (32, 7, 142);
insert into StudentDept values (33, 8, 143);
insert into StudentDept values (34, 9, 144);
insert into StudentDept values (35, 10, 145);
insert into StudentDept values (36, 11, 146);
insert into StudentDept values (37, 12, 147);
insert into StudentDept values (38, 13, 148);
insert into StudentDept values (39, 14, 149);
insert into StudentDept values (40, 15, 150);



insert into ProfessorDept values (1, 1, 1);
insert into ProfessorDept values (2, 2, 2);
insert into ProfessorDept values (3, 3, 3);
insert into ProfessorDept values (4, 4, 4);
insert into ProfessorDept values (5, 5, 5);
insert into ProfessorDept values (6, 6, 6);
insert into ProfessorDept values (7, 7, 7);
insert into ProfessorDept values (8, 8, 8);
insert into ProfessorDept values (9, 9, 9);
insert into ProfessorDept values (10, 10, 10);
insert into ProfessorDept values (11, 11, 11);
insert into ProfessorDept values (12, 12, 12);
insert into ProfessorDept values (13, 13, 13);
insert into ProfessorDept values (14, 14, 14);
insert into ProfessorDept values (15, 15, 15);
insert into ProfessorDept values (16, 16, 16);
insert into ProfessorDept values (17, 17, 17);
insert into ProfessorDept values (18, 18, 18);
insert into ProfessorDept values (19, 19, 19);
insert into ProfessorDept values (20, 20, 20);
insert into ProfessorDept values (21, 21, 21);
insert into ProfessorDept values (22, 22, 22);
insert into ProfessorDept values (23, 23, 23);
insert into ProfessorDept values (24, 24, 24);
insert into ProfessorDept values (25, 25, 25);


insert into Class values(1, 001, '가교수', 'C', '월', 1, 2 , 3, '컴퓨터공학과', '센200', 1);
insert into Class values(2, 002, '가교수', 'C', '월', 4, 2 , 3, '컴퓨터공학과', '센201', 1);
insert into Class values(3, 001, '나교수', 'Python', '화', 3, 2 , 1, '정보보호학과', '센202', 2);
insert into Class values(4, 001, '다교수', 'C++', '금', 2, 2 , 1, '소프트웨어학과', '센203', 3);
insert into Class values(5, 001, '라교수', 'C++', '월', 3, 2 , 2, '데이터사이언스학과', '센204', 4);
insert into Class values(6, 001, '마교수', 'C#', '화', 6, 2 , 3, '지능기전학과', '센205', 5);
insert into Class values(7, 001, '바교수', 'C#', '월', 4, 2 , 1, '디지털이노베이션학과', '센206', 6);
insert into Class values(8, 001, '사교수', '만화그리기', '월', 3, 2 , 1, '만화애니메이션학과', '센207', 7);
insert into Class values(9, 001, '자교수', '건물구조', '월', 3, 2 , 1, '건설환경공학과', '센208', 9);
insert into Class values(10, 001, '차교수', '쓰레기줍기', '월', 5, 2 , 2, '환경에너지공학과', '센209', 10);
insert into Class values(11, 001, '카교수', '핵', '화', 5, 2 , 3, '지구자원시스템공학과', '센210', 11);
insert into Class values(12, 001, '타교수', '우주왕복', '월', 3, 2 , 3, '기계항공우주공학과', '센211', 12);
insert into Class values(13, 001, '타교수', '항공', '화', 4, 2 , 1, '기계항공우주공학과', '센212', 12);
insert into Class values(14, 001, '파교수', '나노에 대해', '월', 2, 2 , 2, '나노신소재공학과', '센213', 13);
insert into Class values(15, 001, '파교수', '나노에 대한 고찰', '월', 4, 2 , 1, '나노신소재공학과', '센214', 13);
insert into Class values(16, 001, '파교수', '나노의 심도깊은 고찰 ', '월', 4, 2 , 1, '나노신소재공학과', '센215', 13);
insert into Class values(17, 001, '하교수', '원자력', '월', 1, 2 , 1, '양자원자력공학과', '센216', 14);
insert into Class values(18, 001, '하교수', '양자론', '월', 1, 2 , 3, '양자원자력공학과', '센217', 14);
insert into Class values(19, 001, '가교수', '전투', '월', 3, 2 , 3, '국방시스템공학과', '센218', 15);
insert into Class values(20, 001, '가교수', '사격', '월', 5, 2 , 1, '국방시스템공학과', '센219', 15);
insert into Class values(21, 001, '가교수', '해킹', '화', 5, 2, 1, '국방시스템공학과', '센220', 15);
insert into Class values(22, 001, '나교수', '비행기 구조', '월', 5, 2 , 1, '항공시스템공학과', '센221', 16);
insert into Class values(23, 001, '다교수', '소묘', '목', 4, 2 , 1, '회화과', '센222', 17);
insert into Class values(24, 001, '다교수', '점묘', '금', 4, 2 , 1, '회화과', '센223', 17);
insert into Class values(25, 001, '라교수', '패션트렌드', '월', 4, 2 , 3, '패션디자인학과', '센224', 18);
insert into Class values(26, 001, '라교수', '명품 고찰', '수', 4, 2 , 1, '패션디자인학과', '센225', 18);
insert into Class values(27, 001, '마교수', '피아노', '화', 3, 2 , 1, '음악과', '센226', 19);
insert into Class values(28, 001, '마교수', '기타', '월', 3, 2 , 1, '음악과', '센227', 19);
insert into Class values(29, 001, '바교수', '축구', '월', 2, 2 , 3, '체육학과', '센228', 20);
insert into Class values(30, 001, '사교수', '현대무용', '금', 2, 2 , 3, '무용과', '센229', 21);
insert into Class values(31, 001, '아교수', '연기', '금', 2, 2 , 1, '영화예술학과', '센230', 22);
insert into Class values(32, 001, '자교수', '마케팅', '목', 5, 2 , 1, '경영학과', '센231', 23);
insert into Class values(33, 001, '자교수', '기업 구조', '월', 4, 2 , 1, '경영학과', '센232', 23);
insert into Class values(34, 001, '자교수', '인사', '수', 3, 2 , 1, '경영학과', '센233', 23);
insert into Class values(35, 001, '차교수', '미시론', '화', 1, 2 ,1 , '경제학과', '센234', 24);
insert into Class values(36, 001, '차교수', '거시론', '화', 3, 2 , 1, '경제학과', '센235', 24);
insert into Class values(37, 001, '차교수', '통계', '월', 4, 2 , 1, '경제학과', '센236', 24);
insert into Class values(38, 001, '차교수', '확률', '월', 5, 2 , 1, '경제학과', '센237', 24);
insert into Class values(39, 001, '아교수', '건물 구조 고찰', '금', 3, 2 , 1, '건축학과', '센238', 8);
insert into Class values(40, 001, '카교수', '우리나라 법', '수', 1, 2 , 1, '법학과', '센239', 25);
				-- 학생번호 강좌번호 교수번호 출석점수 중간 기말 기타 총점 평점 연도 학기
                         
insert into Course values(111, 1, 1, 10, 10, 30, 30, 80, 'B', 2021, '1 학기');  -- 1학년 --
insert into Course values(111, 3, 2, 5, 30, 25, 30, 90, 'A', 2021, '1 학기');
insert into Course values(111, 4, 3, 10, 30, 30, 30, 100, 'A', 2021, '1 학기');
insert into Course values(112, 5, 4, 10, 30, 20, 30, 90, 'A', 2021, '1 학기');
insert into Course values(112, 6, 5, 10, 30, 20, 30, 90, 'A', 2021, '1 학기');
insert into Course values(112, 3, 2, 10, 10, 10, 30, 60, 'D', 2021, '1 학기');
insert into Course values(113, 7, 6, 10, 20, 20, 20, 70, 'C', 2021,'1 학기');
insert into Course values(113, 5, 4, 7, 30, 23, 30, 90, 'A', 2021, '1 학기');
insert into Course values(113, 2, 1, 10, 10, 20, 30, 70, 'C', 2021, '1 학기');
insert into Course values(114, 7, 6, 10, 30, 10, 30, 80, 'B', 2021, '1 학기');
insert into Course values(114, 4, 3, 10, 15, 20, 30, 75, 'C', 2021, '1 학기');
insert into Course values(114, 2, 1, 10, 25, 20, 30, 85, 'B', 2021, '1 학기');
insert into Course values(115, 2, 1, 10, 10, 20, 30, 70, 'C', 2021, '1 학기');
insert into Course values(115, 8, 7, 10, 30, 20, 30, 90, 'A', 2021, '1 학기');
insert into Course values(115, 7, 6, 10, 10, 20, 30, 70, 'C', 2021, '1 학기');
insert into Course values(116, 9, 9, 10, 20, 30, 30, 90, 'A', 2021, '1 학기');
insert into Course values(116, 6, 5, 10, 10, 20, 30, 70, 'C', 2021, '1 학기');
insert into Course values(116, 1, 1, 10, 10, 20, 30, 70, 'C', 2021, '1 학기');
insert into Course values(117, 9, 9, 10, 10, 20, 30, 70, 'C', 2021, '1 학기');
insert into Course values(117, 2, 1, 10, 10, 20, 30, 70, 'C', 2021, '1 학기');
insert into Course values(117, 3, 2, 10, 0, 20, 30, 60, 'D', 2021, '1 학기');
insert into Course values(118, 7, 6, 10, 13, 23, 30, 76, 'C', 2021, '1 학기');
insert into Course values(118, 5, 4, 10, 30, 30, 30, 100, 'A', 2021, '1 학기');
insert into Course values(118, 1, 1, 10, 20, 20, 30, 80, 'B', 2021, '1 학기');
insert into Course values(119, 2, 1, 10, 10, 20, 30, 70, 'C', 2021, '1 학기');
insert into Course values(119, 9, 9, 10, 22, 11, 30, 73, 'C', 2021, '1 학기');
insert into Course values(119, 10, 10, 10, 30, 20, 30, 90, 'A', 2021, '1 학기');
insert into Course values(120, 3, 2, 10, 20, 20, 30, 80, 'B', 2021, '1 학기'); -- 2학년 --
insert into Course values(120, 1, 1, 10, 10, 20, 30, 70, 'C', 2021, '1 학기');
insert into Course values(120, 5, 4, 10, 20, 20, 20, 70, 'C', 2020, '2 학기');
insert into Course values(121, 11, 11, 10, 30, 30, 20, 100, 'A', 2021, '1 학기');
insert into Course values(121, 10, 10, 10, 30, 20, 20, 80, 'B', 2021, '1 학기');
insert into Course values(121, 3, 2, 10, 20, 20, 20, 70, 'C', 2020, '여름 학기');
insert into Course values(122, 7, 6, 6, 20, 20, 20, 66, 'D', 2021, '1 학기');
insert into Course values(122, 1, 1, 10, 20, 30, 30, 90, 'A', 2021, '1 학기');
insert into Course values(122, 5, 4, 10, 20, 20, 20, 70, 'C', 2020, '1 학기');
insert into Course values(123, 9, 9, 10, 30, 20, 20, 80, 'B', 2021, '1 학기');
insert into Course values(123, 1, 1, 10, 10, 20, 20, 60, 'D', 2021, '1 학기');
insert into Course values(123, 6, 5, 10, 0, 20, 20, 50, 'F', 2020, '여름 학기');
insert into Course values(124, 5, 4, 10, 20, 20, 20, 70, 'C', 2021, '1 학기');
insert into Course values(124, 12, 12, 10, 20, 20, 20, 70, 'C', 2021, '1 학기');
insert into Course values(124, 11, 11, 10, 10, 30, 20, 70, 'C', 2020, '2 학기');
insert into Course values(125, 13, 12, 10, 30, 20, 30, 90, 'A', 2021, '1 학기');
insert into Course values(125, 14, 13, 10, 20, 30, 20, 80, 'B', 2021, '1 학기');
insert into Course values(125, 15, 13, 10, 20, 20, 20, 70, 'C', 2020, '2 학기');
insert into Course values(126, 12, 12, 10, 10, 20, 20, 60, 'D', 2021, '1 학기');
insert into Course values(126, 17, 14, 10, 10, 30, 30, 80, 'B', 2021, '1 학기');
insert into Course values(126, 18, 14, 10, 30, 30, 20, 90, 'A', 2020, '여름 학기');
insert into Course values(127, 19, 15, 10, 30, 20, 20, 80, 'B', 2021, '1 학기');
insert into Course values(127, 20, 15, 10, 10, 10, 10, 40, 'F', 2021, '1 학기');
insert into Course values(127, 9, 9, 10, 30, 30, 20, 90, 'A', 2020, '2 학기');
insert into Course values(128, 21, 15, 10, 30, 20, 20, 80, 'B', 2021, '1 학기');
insert into Course values(128, 22, 16, 10, 20, 20, 20, 70, 'C', 2021, '1 학기');
insert into Course values(128, 23, 17, 10, 15, 15, 30, 70, 'C', 2020, '2 학기');
insert into Course values(129, 23, 17, 10, 30, 30, 20, 90, 'A', 2021, '1 학기');
insert into Course values(129, 24, 17, 10, 30, 30, 30, 100, 'A', 2021, '1 학기');
insert into Course values(129, 20, 15, 10, 30, 20, 20, 80, 'B', 2020, '겨울 학기');
insert into Course values(130, 19, 15, 1, 30, 30, 20, 81, 'B', 2021, '1 학기');
insert into Course values(130, 20, 15 , 10, 30, 30, 20, 90, 'A', 2021, '1 학기');
insert into Course values(130, 1, 1, 10, 30, 0, 20, 60, 'D', 2020, '1 학기');
insert into Course values(131, 17, 14, 10, 30, 30, 30, 100, 'A', 2021, '2 학기');
insert into Course values(131, 15, 13, 10, 20, 20, 20, 70, 'C', 2021, '1 학기');
insert into Course values(131, 20, 15, 10, 10, 20, 20, 60, 'D', 2020, '2학기');
insert into Course values(132, 17, 14, 10, 10, 30, 30, 80, 'B', 2021, '1 학기');   -- 3학년 --
insert into Course values(132, 23, 17, 10, 10, 30, 30, 80, 'B', 2021, '1 학기');
insert into Course values(132, 4, 3, 10, 30, 30, 30, 100, 'A', 2019, '여름 학기');
insert into Course values(133, 18, 14, 10, 20, 20, 20, 70, 'C', 2021, '1 학기');
insert into Course values(133, 24, 17, 10, 10, 30, 30, 80, 'B', 2021, '1 학기');
insert into Course values(133, 14, 13, 10, 20, 20, 30, 80, 'B', 2020, '1 학기');
insert into Course values(134, 15, 13, 10, 30, 30, 30, 100, 'A', 2021, '1 학기');
insert into Course values(134, 24, 17, 10, 30, 30, 30, 100, 'A', 2021, '1 학기');
insert into Course values(134, 20, 15, 10, 10, 30, 30, 80, 'B', 2019, '겨울 학기');
insert into Course values(135, 25, 18, 10, 30, 30, 30, 100, 'A', 2021, '1 학기');
insert into Course values(135, 26, 18, 10, 30, 30, 30, 100, 'A', 2021, '1 학기');
insert into Course values(135, 2, 1, 10, 10, 30, 30, 80, 'B', 2020, '1 학기');
insert into Course values(136, 15, 13, 10, 10, 20, 30, 70, 'C', 2021, '1 학기');
insert into Course values(136, 26, 18, 10, 30, 30, 30, 100, 'A', 2021, '1 학기');
insert into Course values(136, 27, 19, 10, 0, 30, 30, 70, 'C', 2019, '2 학기');
insert into Course values(137, 28, 19, 10, 0, 0, 30, 40, 'F', 2021, '1 학기');
insert into Course values(137, 24, 17, 10, 30, 30, 0, 70, 'C', 2021, '1 학기');
insert into Course values(137, 6, 5, 10, 20, 30, 30, 90, 'A', 2020, '여름 학기');
insert into Course values(138, 25, 18, 10, 30, 30, 10, 80, 'B', 2021, '1 학기');
insert into Course values(138, 1, 1, 10, 30, 30, 30, 100, 'A', 2021, '1 학기');
insert into Course values(138, 29, 20, 10, 25, 30, 30, 95, 'A', 2020, '2 학기');
insert into Course values(139, 30, 21, 10, 10, 20, 30, 70, 'C', 2021, '1 학기');
insert into Course values(139, 31, 22, 10, 30, 10, 30, 80, 'B', 2021, '1 학기');
insert into Course values(139, 14, 13, 10, 20, 30, 30, 90, 'B', 2019, '1 학기');
insert into Course values(140, 24, 17, 10, 30, 30, 30, 100, 'A', 2021, '1 학기');
insert into Course values(140, 27, 19, 10, 10, 30, 30, 80, 'B', 2021, '1 학기');
insert into Course values(140, 30, 21, 10, 10, 30, 30, 80, 'B', 2019, '겨울 학기');
insert into Course values(141, 3, 2, 10, 30, 30, 30, 100, 'A', 2021, '1 학기'); -- 4학년 --
insert into Course values(141, 32, 23, 10, 10, 30, 30, 80, 'B', 2021, '1 학기');
insert into Course values(141, 33, 23, 10, 20, 30, 30, 90, 'A', 2018, '2 학기');
insert into Course values(142, 33, 23, 10, 0, 20, 30, 60, 'D', 2021, '1 학기');
insert into Course values(142, 25, 18, 10, 30, 30, 30, 100, 'A', 2021, '1 학기');
insert into Course values(142, 30, 21, 10, 20, 30, 30, 90, 'A', 2019, '2 학기');
insert into Course values(143, 33, 23, 10, 20, 20, 30, 80, 'B', 2021, '1 학기');
insert into Course values(143, 34, 23, 10, 30, 30, 10, 80, 'B', 2021, '1 학기');
insert into Course values(143, 30, 21, 10, 10, 30, 30, 80, 'B', 2019, '여름 학기');
insert into Course values(144, 35, 24, 10, 20, 20, 20, 70, 'C', 2021, '1 학기');
insert into Course values(144, 36, 24, 10, 30, 30, 30, 100, 'A', 2021, '1 학기');
insert into Course values(144, 37, 24, 10, 20, 10, 30, 70, 'C', 2020, '1 학기');
insert into Course values(145, 38, 24, 10, 20, 20, 30, 80, 'B', 2021, '1 학기');
insert into Course values(145, 24, 17, 10, 20, 30, 30, 90, 'A', 2021, '1 학기');
insert into Course values(145, 30, 21, 10, 30, 30, 30, 100, 'A', 2018, '2 학기');
insert into Course values(146, 39, 8, 10, 20, 20, 10, 60, 'D', 2021, '1 학기');
insert into Course values(146, 33, 23, 10, 30, 10, 0, 50, 'F', 2021, '1 학기');
insert into Course values(146, 30, 21, 10, 10, 30, 30, 80, 'B', 2018, '2 학기');
insert into Course values(147, 25, 18, 10, 20, 20, 30, 80, 'B', 2021, '1 학기');
insert into Course values(147, 40, 25, 10, 10, 30, 30, 80, 'B', 2021, '1 학기');
insert into Course values(147, 36, 24, 10, 30, 30, 30, 100, 'A', 2020, '2 학기');
insert into Course values(148, 30, 21, 10, 10, 30, 10, 60, 'D', 2021, '1 학기');
insert into Course values(148, 35, 24, 10, 20, 30, 30, 90, 'A', 2021, '1 학기');
insert into Course values(148, 38, 24, 10, 10, 30, 30, 80, 'B', 2020, '1 학기');
insert into Course values(149, 40, 25, 10, 30, 30, 30, 100, 'A', 2021, '1 학기');
insert into Course values(149, 33, 23, 10, 20, 20, 30, 80, 'B', 2021, '1 학기');
insert into Course values(149, 24, 17, 10, 20, 30, 30, 90, 'A', 2019, '여름 학기');
insert into Course values(150, 30, 21, 10, 30, 0, 0, 40, 'F', 2021, '1 학기');
insert into Course values(150, 38, 24, 10, 20, 10, 30, 70, 'C', 2021, '1 학기');
insert into Course values(150, 25, 18, 10, 10, 30, 30, 80, 'B', 2018, '겨울 학기');


insert into RelationShip values(1, 1, 111, 1, '여름학기');
insert into RelationShip values(2, 2, 112, 1, '1학기');
insert into RelationShip values(3, 3, 113, 1, '1학기');
insert into RelationShip values(4, 4, 114, 1, '2학기');
insert into RelationShip values(5, 5, 115, 1, '여름학기');
insert into RelationShip values(6, 6, 116, 1, '1학기');
insert into RelationShip values(7, 7, 117, 1, '겨울학기');
insert into RelationShip values(8, 8, 118, 1, '여름학기');
insert into RelationShip values(9, 9, 119, 1, '2학기');
insert into RelationShip values(10, 10, 120, 2, '1학기');
insert into RelationShip values(11, 11, 121, 2, '2학기');
insert into RelationShip values(12, 12, 122, 2, '겨울학기');
insert into RelationShip values(13, 13, 123, 2, '1학기');
insert into RelationShip values(14, 14, 124, 2, '2학기');
insert into RelationShip values(15, 15, 125, 2, '겨울학기');
insert into RelationShip values(16, 16, 126, 2, '1학기');
insert into RelationShip values(17, 17, 127, 2, '2학기');
insert into RelationShip values(18, 18, 128, 2, '1학기');
insert into RelationShip values(19, 19, 129, 2, '2학기');
insert into RelationShip values(20, 20, 130, 2, '겨울학기');
insert into RelationShip values(21, 21, 131, 2, '1학기');
insert into RelationShip values(22, 22, 132, 3, '여름학기');
insert into RelationShip values(23, 23, 133, 3, '2학기');
insert into RelationShip values(24, 24, 134, 3, '1학기');
insert into RelationShip values(25, 25, 135, 3, '1학기');
insert into RelationShip values(26, 1, 136, 3, '1학기');
insert into RelationShip values(27, 1, 137, 3, '2학기');
insert into RelationShip values(28, 3, 138, 3, '겨울학기');
insert into RelationShip values(29, 17, 139, 3, '1학기');
insert into RelationShip values(30, 5, 140, 3, '2학기');
insert into RelationShip values(31, 4, 141, 4, '2학기');
insert into RelationShip values(32, 1, 142, 4, '여름학기');
insert into RelationShip values(33, 17, 143, 4, '1학기');
insert into RelationShip values(34, 18, 144, 4, '1학기');
insert into RelationShip values(35, 19, 145, 4, '여름학기');
insert into RelationShip values(36, 20, 146, 4, '2학기');
insert into RelationShip values(37, 21, 147, 4, '겨울학기');
insert into RelationShip values(38, 22, 148, 4, '1학기');
insert into RelationShip values(39, 23, 149, 4, '여름학기');
insert into RelationShip values(40, 24, 150, 4, '2학기');




/*--등록금 납부 내역*--*/
insert into Payment values(1, 2021, '1 학기', 4274000, 4274000, '2021-03-02', 111);
insert into Payment values(2, 2021, '1 학기', 4150000, 4150000, '2021-03-03', 112);
insert into Payment values(3, 2021, '1 학기', 5105000, 5105000, '2021-03-05', 113);
insert into Payment values(4, 2021, '1 학기', 5105000, 5105000, '2021-03-05', 114);
insert into Payment values(5, 2021, '1 학기', 3800000, 3000000, '2021-03-11', 115); /*--등록금 덜냄!--*/
insert into Payment values(6, 2020, '겨울 학기', 210000, 210000, '2020-12-20', 116); /*--21년도 1학기 등록 X--*/
insert into Payment values(7, 2020, '겨울 학기', 140000, 140000, '2020-12-22', 117); /*--21년도 1학기 등록 X--*/
insert into Payment values(8, 2021, '1 학기', 5105000, 5105000, '2021-03-10', 118);
insert into Payment values(9, 2021, '1 학기', 4100000, 4100000, '2021-03-10', 119);  
insert into Payment values(10, 2021, '1 학기', 3800000, 3800000, '2021-03-11', 120); 
insert into Payment values(11, 2021, '1 학기', 4274000, 4274000, '2021-03-02', 121);
insert into Payment values(12, 2021, '1 학기', 4150000, 4150000, '2021-03-05', 122);
insert into Payment values(13, 2021, '1 학기', 5105000, 5105000, '2021-03-10', 123);
insert into Payment values(14, 2021, '1 학기', 4100000, 4100000, '2021-03-10', 124);  
insert into Payment values(15, 2021, '1 학기', 3800000, 3800000, '2021-03-11', 125); 
insert into Payment values(16, 2021, '1 학기', 4274000, 4274000, '2021-03-02', 126);
insert into Payment values(17, 2021, '1 학기', 4150000, 4150000, '2021-03-05', 127);
insert into Payment values(18, 2021, '1 학기', 5105000, 5105000, '2021-03-10', 128);
insert into Payment values(19, 2021, '1 학기', 4100000, 4100000, '2021-03-10', 129);  
insert into Payment values(20, 2021, '1 학기', 4400000, 4400000, '2021-03-11', 130);
insert into Payment values(21, 2021, '1 학기', 4274000, 4274000, '2021-03-11', 131);
insert into Payment values(22, 2021, '1 학기', 4150000, 4150000, '2021-03-05', 132);
insert into Payment values(23, 2021, '1 학기', 5105000, 5105000, '2021-03-10', 133);
insert into Payment values(24, 2021, '1 학기', 4100000, 4100000, '2021-03-10', 134);  
insert into Payment values(25, 2021, '1 학기', 3850000, 3850000, '2021-03-11', 135);
insert into Payment values(26, 2021, '1 학기', 4274000, 4274000, '2021-03-07', 136);
insert into Payment values(27, 2021, '1 학기', 4150000, 4150000, '2021-03-05', 137);
insert into Payment values(28, 2021, '1 학기', 5105000, 5105000, '2021-03-10', 138);
insert into Payment values(29, 2021, '1 학기', 4100000, 4100000, '2021-03-10', 139);  
insert into Payment values(30, 2021, '1 학기', 3800000, 3800000, '2021-03-11', 140);
insert into Payment values(31, 2021, '1 학기', 4274000, 4274000, '2021-03-02', 141);
insert into Payment values(32, 2021, '1 학기', 4150000, 4150000, '2021-03-06', 142);
insert into Payment values(33, 2021, '1 학기', 5105000, 5105000, '2021-03-07', 143);
insert into Payment values(34, 2021, '1 학기', 4100000, 4100000, '2021-03-12', 144);  
insert into Payment values(35, 2021, '1 학기', 3800000, 3800000, '2021-03-12', 145);
insert into Payment values(36, 2021, '1 학기', 4274000, 4274000, '2021-03-02', 146);
insert into Payment values(37, 2021, '1 학기', 4150000, 4150000, '2021-03-05', 147);
insert into Payment values(38, 2021, '1 학기', 5105000, 5105000, '2021-03-10', 148);
insert into Payment values(39, 2021, '1 학기', 4100000, 4100000, '2021-03-10', 149);  
insert into Payment values(40, 2021, '1 학기', 3800000, 3800000, '2021-03-11', 150);

/*--동아리--*/
insert into Club values(1, '엔샵', 25, 111, 1, '학201');
insert into Club values(2, '인터페이스', 100, 136, 2, '학501');
insert into Club values(3, 'SSG', 40, 113, 3, '학502');
insert into Club values(4, '가동아리', 55, 114, 4, '학503');
insert into Club values(5, '나동아리', 60, 115, 5, '학504');
insert into Club values(6, '다동아리', 72, 116, 6, '학505');
insert into Club values(7, '라동아리', 125, 117, 7, '학506');
insert into Club values(8, '마동아리', 35, 118, 8, '학507');
insert into Club values(9, '바동아리', 92, 119, 9, '학508');
insert into Club values(10, '사동아리', 46, 120, 10, '학509');
insert into Club values(11, '아동아리', 75, 121, 11, '학510');
insert into Club values(12, '자동아리', 61, 122, 12, '학511');
insert into Club values(13, '차동아리', 120, 123, 13, '학512');
insert into Club values(14, '카동아리', 115, 124, 14, '학513');
insert into Club values(15, '타동아리', 90, 125, 15, '학514');
insert into Club values(16, '파동아리', 84, 126, 16, '학515');
insert into Club values(17, '하동아리', 25, 127, 17, '학601');
insert into Club values(18, '고동아리', 102, 128, 18, '학602');
insert into Club values(19, '노동아리', 101, 129, 19, '학603');
insert into Club values(20, '도동아리', 66, 130, 20, '학604');
insert into Club values(21, '로동아리', 45, 131, 21, '학605');
insert into Club values(22, '모동아리', 65, 132, 22, '학606');
insert into Club values(23, '보동아리', 27, 133, 23, '학607');
insert into Club values(24, '소동아리', 75, 134, 24, '학608');
insert into Club values(25, '오동아리', 85, 135, 25, '학609');

/*--소속 동아리--*/
insert into ClubRelation values(1, 1, 111);
insert into ClubRelation values(2, 2, 136);
insert into ClubRelation values(3, 3, 113);
insert into ClubRelation values(4, 4, 114);
insert into ClubRelation values(5, 5, 115);
insert into ClubRelation values(6, 6, 116);
insert into ClubRelation values(7, 7, 117);
insert into ClubRelation values(8, 8, 118);
insert into ClubRelation values(9, 9, 119);
insert into ClubRelation values(10, 10, 120);
insert into ClubRelation values(11, 11, 121);
insert into ClubRelation values(12, 12, 122);
insert into ClubRelation values(13, 13, 123);
insert into ClubRelation values(14, 14, 124);
insert into ClubRelation values(15, 15, 125);
insert into ClubRelation values(16, 16, 126);
insert into ClubRelation values(17, 17, 127);
insert into ClubRelation values(18, 18, 128);
insert into ClubRelation values(19, 19, 129);
insert into ClubRelation values(20, 20, 130);
insert into ClubRelation values(21, 21, 131);
insert into ClubRelation values(22, 22, 132);
insert into ClubRelation values(23, 23, 133);
insert into ClubRelation values(24, 24, 134);
insert into ClubRelation values(25, 25, 135);